news_outlet,provenance,query_keywords,creation_date,last_modified,crawl_date,author_person,author_organization,news_keywords,title,description,body,Fake News,Extreme bias,clickbait,credible,body_len,has_label,label
kurier,https://kurier.at/chronik/oberoesterreich/verkehr-linz-radwege-mobilitaet-unfaelle-statistik-fussgaengerinnen/402966407,"ns, oevp, us, ss, schi, sp",2024-10-23 00:00:00,,2024-10-24,"23.10.24, 14:40",,,Mehr Unfaelle mit Menschen auf Raedern in Linz: Radwege ausbauen und absichern,"Unfaelle gesamt ruecklaeufig, gleich viele Autos in den letzten drei Jahren trotz steigender Einwohnerzahlen.","Es tut sich was und dabei ist noch viel Luft nach oben. Mobilitaet in Staedten ist ein komplexes Thema. Nun praesentierte Mobilitaetsreferent und Linzer Vize-Buergermeister Martin Hajart (OeVP) aktuelle Unfallzahlen. Dabei gibt es Grund zur Freude und Grund zur Sorge. Zuerst die guten Nachrichten: Seit 2017 ist die Gesamtzahl der Strassenunfaelle in Linz von 1.125 auf 1062 gesunken, das ist ein Minus von sechs Prozent. Und das, obwohl die Anzahl der PKW in der Stadt seit 2017 um immerhin fuenf Prozent gewachsen ist. Nur in den vergangenen drei Jahren ist das Niveau gleichbleibend bei ungefaehr 106.000 angemeldeten Autos.",0.0,0.0,0.0,1.0,628.0,True,"[0, 0, 0, 1]"
kurier,https://kurier.at/chronik/wien/christian-kern-luxus-villa-doebling-millionen-kanzler-winzerhaus/402966498,"rki, ns, us, ss, klima, sp",2024-10-23 00:00:00,,2024-10-24,"23.10.24, 15:56",,,"Fuer 3,65 Millionen Euro: Ex-Kanzler Kern verkauft seine Luxus-Villa","Christian Kern verkauft seine Luxus-Villa fuer 3,65 Millionen Euro. Das Interesse ist gross, Kaeufer wurde aber noch keiner gefunden.","Ex-Bundeskanzler Chrisitan Kern trennt sich endgueltig von seinem Anwesen in Wien-Doebling. Die prunkvolle Villa, die Kern einst gemeinsam mit seiner damaligen Ehefrau Eveline Steinberger-Kern erworben hatte, steht nun fuer 3,65 Millionen Euro zum Verkauf. Das rund 250 Quadratmeter grosse Haus liegt in bester Lage des 19. Wiener Gemeindebezirks und bietet neben einer grosszuegigen Wohnflaeche auch eine idyllische Gartenanlage samt Pool.",0.0,0.0,0.0,1.0,440.0,True,"[0, 0, 0, 1]"
kurier,https://kurier.at/politik/inland/fpoe-herbert-kickl-nationalratswahl-volkskanzler-regierungsbeteiligung/402912217,"abschiebung, rna, usa, neos, sp, rki, inflation, strache, familie, fpoe, migration, ibiza-video, ns, demo, pandemie, ss, corona, oevp, christ, us, schi, regierung, herbert kickl",2024-06-13 00:00:00,,2024-10-24,"13.06.24, 10:12",,,Blaue Szenarien: Wie Kickl die FPOe in die Regierung bringen will,"Motiviert durch das historische gute EU-Wahlergebnis setzen die Freiheitlichen auf eine Person und mehrere Strategien, was nach dem 29. September passieren soll - und womoeglich wird. ","Querschuesse? Handwerkliche Fehler? Obmann-Debatten? Fehlanzeige! ""Wie Joerg Haider nach dem Sturz von Norbert Steger, wie Heinz-Christian Strache nach der BZOe-Gruendung hat Herbert Kickl, nachdem Norbert Hofer hingeschmissen hat, die Reihen geschlossen"", sagt ein ranghoher FPOe-Mann, der die Hoehe- und Tiefpunkte der FPOe - vom Parteitag in Innsbruck 1986 ueber die Regierungsbeteiligung inklusive EU-Sanktionen (1999), ueber Liederbuch-Affaere und Ibiza-Video bis hin zum Wieder-Erstarken des Dritten Lagers zuletzt bei der EU-Wahl - miterlebt hat. Kickl ist drei Jahre nach Ãœbernahme der Parteifuehrung ""vollkommen unumstritten"", so der Tenor der vom KURIER befragten Funktionaere, die alle nicht genannt werden wollen. ""Wir diskutieren wenn, dann intern"", heisst es. Schliesslich sei man nicht die SPOe und habe aus der Vergangenheit gelernt. Als Klubchef Kickl im Juni 2021 gleichsam ueber Nacht die Partei von Norbert Hofer uebernahm, da war die Situation eine andere. Corona-Demonstration Herbert Kickl Einige Laenderorganisationen hatten Bedenken gegenueber Kickl. Allen voran Oberoesterreichs Landeschef Manfred Haimbuchner und Wiens Landeschef Dominik Nepp. Ihnen missfiel insbesondere der scharf Kurs gegen die Corona-Massnahmen. ""Im Nachhinein betrachtet hat Kickl aber in vielen Punkten recht behalten, formuliert es ein Laender-Funktionaer, der in den Pandemie-Jahren nicht damit gerechnet haette, dass sich mit dem 56-Jaehrigen als Chef derartige Wahlerfolge erzielen liessen. Er ist damit nicht allein. Deshalb gebe es auch keinerlei Notwendigkeit, die FPOe in Hinblick auf die Nationalratswahl personell breiter aufzustellen, wie Politologen und Meinungsforscher argumentieren. Und, wie es auch der politische Spin des Mitbewerbs besagt. FPOe-Gegner erzaehlen neuerdings gerne ueber das angebliche Vorhaben, dass Kickl auf das ein oder andere Fernseh-Duell waehrend des NR-Wahlkampfs verzichten werde, um zu zeigen, dass die FPOe mehr als das Wahlkampfthema Migration und ihn als Person zu bieten habe. ObVerfassungssprecherin und aussenpolitische Sprecherin Susanne Fuerst, Salzburgs Landeschefin Marlene Svazek oder Nationalratsmandatarin Dagmar Belakowitsch in den Medien oefter und statt dem FPOe-Chef vorkommen werden - das will man in der FPOe weder bestaetigen noch negieren. ""Kann sein, muss nicht sein"", ""Schau ma mal"" - so die Antwort in Abwandlungen. ""Es mag sein, dass Kickl nicht besonders sympathisch rueberkommt, dafuer weiss man, woran man bei ihm ist"", so der einhellige Tenor. Kickl ist der freiheitliche Frontmann, der die Partei auf Kurs und ihr fortlaufend Wahlerfolge gebracht hat. Der auf- und antritt, um ""Volkskanzler"" zu werden. Ohne den es die FPOe nicht gibt. ""Wir haben uns den Herbert 2019 nicht rausschiessen lassen und wir werden ihn nie und nimmer wegen einer Regierungsbeteiligung fallen lassen.""",0.0,0.0,0.0,1.0,2851.0,True,"[0, 0, 0, 1]"
kurier,https://kurier.at/chronik/niederoesterreich/noe-weniger-unfaelle-aber-mehr-rowdys/401184448,"ns, lockdown, us, pandemie, ss, corona, sp",2021-02-10 00:00:00,,2024-10-24,"10.02.21, 16:11",,,"NOe: Weniger Unfaelle, aber mehr Rowdys","Zwar krachte es auf Niederoesterreichs Strassen deutlich weniger oft, dafuer gibt es immer mehr Draengler.","Die Pandemie wirkt sich auf alle Lebensbereiche aus  auch auf die Sicherheit. Allerdings erzeugt Corona hier einen positiven Effekt, denn im Vorjahr sind die Kriminalitaetszahlen deutlich gesunken. Gruende dafuer sind die Lockdowns und die verschaerften Grenzkontrollen . Im Strassenverkehr wird ein aehnliches Phaenomen beobachtet. Am Mittwoch berichtete SPOe-Landesvize Franz Schnabl, dass im Jahr 2020 in Niederoesterreich rund 17 Prozent weniger Verkehrsunfaelle mit Sachschaden (48.019) registriert wurden. Zu tun gibt es fuer die Exekutive dennoch mehr als genug, wie die praesentierte Bilanz zeigt. SPOe-Landesvize Franz Schnabl So ergaben sich aus den 211.720 durchgefuehrten Alkotests 3.980 Anzeigen, 866 Personen wurden wegen einer Suchtmittelbeeintraechtigung angezeigt. Laut Ferdinand Zuser, Leiter der Landesverkehrsabteilung NOe, gab es zudem 937.969 Geschwindigkeitsueberschreitungen, 27.280 Personen wurden fuer zu geringen Sicherheitsabstand bestraft.",0.0,0.0,0.0,1.0,968.0,True,"[0, 0, 0, 1]"
kurier,https://kurier.at/chronik/niederoesterreich/sankt-poelten/golf-wunder-in-st-poelten-84-jaehriger-schafft-hole-in-one/401773503,"ns, sp, us",2021-10-18 00:00:00,,2024-10-24,"18.10.21, 09:41",,,Golf-Wunder in St. Poelten: 84-Jaehriger schafft Hole-in-one,Bei einem Turnier im Golfclub Goldegg gelang Kurt Wippl eine kleine Sensation. Dafuer wurde er ordentlich belohnt.  ,"Der KURIER berichtet verstaerkt aus der Landeshauptstadt St. Poelten. Wenn Sie ueber alle wichtigen Themen in der Stadt informiert bleiben wollen, dann koennen Sie sich hier oder am Ende des Artikels fuer den woechentlichen Newsletter ""Ganz St. Poelten"" anmelden. Seit 25 Jahren spielt Kurt Wippl Golf, jetzt gelang dem 84-Jaehrigen auf der Anlage in Goldegg ein kleines Wunder. Mit einem Schlag befoerderte der Senior bei einem Turnier den Ball ins Loch (einem Par-3-Loch), in der Sprache der Golfer auch Hole-in-one genannt. Die Wahrscheinlichkeit fuer einen Amateur, ein Hole-in-One zu erzielen, betraegt laut dem Online-Portal Golf Digest 12.500 zu 1. In Prozent ausgedrueckt sind dies 0,008%. Wippl wurde fuer seinen Kunstschlag jedenfalls ordentlich belohnt. Er gewann nicht nur einen Mazda im Wert von 36.000 Euro, auch Buergermeister Matthias Stadler stellte sich als Gratulant ein. Wippl ist ein hervorragender Botschafter der Fittest City St. Poelten"", so Stadler.",0.0,0.0,0.0,1.0,974.0,True,"[0, 0, 0, 1]"
kurier,https://kurier.at/politik/ausland/suedafrika-setzt-einsatz-von-astrazeneca-impfstoff-aus/401181229,"mrna, ns, us, impfstoff, rna, ss, afrika, sp",2021-02-07 00:00:00,,2024-10-24,"07.02.21, 21:48",,,Suedafrika setzt Einsatz von AstraZeneca-Impfstoff aus,"Wissenschafter beraten nun ueber die Wirksamkeit des Stoffs, der bei einer mild verlaufenden Infektion nur wenig Schutz bieten soll.","Suedafrika wird den Einsatz des Impfstoffes des britisch-schwedischen Konzerns AstraZeneca aussetzen, solange Wissenschafter ueber die beste Verwendung der Arznei beraten. Das kuendigte Gesundheitsminister Zweli Mkhize am Sonntag in Pretoria an. Zuvor hatte AstraZeneca eingeraeumt, der Impfstoff biete nur begrenzten Schutz bei einer mild verlaufenden Infektion mit der suedafrikanischen Variante des Virus, das sich juengst auch in Tirol stark ausgebreitet hat. ""Wir glauben, dass unser Impfstoff gegen eine schwere Erkrankung schuetzen kann, da die Aktivitaet neutralisierender Antikoerper genauso funktioniert wie bei anderen Covid-19-Vakzinen, die gegen schwerere Erkrankungen funktionieren - besonders wenn der Abstand zwischen den beiden Dosen auf acht bis zwoelf Wochen optimiert ist"", sagte ein Sprecher von AstraZeneca der Financial Times. Zudem arbeiten AstraZeneca und die Universitaet Oxford bereits daran, ihren Impfstoff den kursierenden Virus-Varianten weiter anzupassen. Fuer die in Grossbritannien entdeckte Variante B.1.1.7 hatten die Hersteller zuletzt vielversprechende Daten veroeffentlicht: Das Vakzin soll gegen diese Variante eine gute Schutzwirkung bieten. Das britisch-schwedische Vakzin spielt eine wesentliche Rolle im oesterreichischen Impfplan. Eine erste Lieferung mit 36.000 Dosen ist in der Nacht auf Samstag in Oesterreich eingetroffen, bis Ende Maerz sollen es 700.000 Dosen sein. Studien bescheinigen dem Impfstoff schon gegen die herkoemmliche Virusvariante eine deutlich geringere Wirksamkeit als andere Impfstoffe. Oesterreich setzt aber stark auf AstraZeneca, weil der Impfstoff leichter zu verabreichen ist als die mRNA-Vakzine.",0.0,0.0,0.0,1.0,1670.0,True,"[0, 0, 0, 1]"
kurier,https://kurier.at/chronik/oesterreich/corona-spitaeler-fahren-operationen-zurueck/401092026,"ns, lockdown, us, pandemie, ss, schi, regierung, corona, sp",2020-11-09 00:00:00,,2024-10-24,"09.11.20, 17:04",,,Corona: Spitaeler fahren Operationen zurueck,Anders als beim ersten Lockdown im Fruehjahr gehen die Krankenhaeuser aber gezielter vor  und entscheiden staerker nach Dringlichkeit,"Mit gebannter Sorge blickt man in den heimischen Spitaelern auf die weitere Entwicklung der Corona-Infektionszahlen. Denn sollten die bisherigen Massnahmen der Bundesregierung nicht greifen, koennten in Oesterreich schon bald die intensivmedizinischen Kapazitaeten erschoepft sein  eine Situation, die man unbedingt vermeiden will, um Zustaende wie in Italien im Fruehjahr zu verhindern. Schon jetzt gehen die heimischen Spitaeler langsam dazu ueber, aehnlich wie im Fruehling, planbare, nicht dringliche Operationen zu verschieben, wie ein Rundruf in den Bundeslaendern zeigt. Wobei die meisten Laender deutlich selektiver vorgehen als noch waehrend des ersten Lockdowns. So zum Beispiel Wien, wo man in den Gemeindespitaelern nun eine andere Strategie faehrt als vor einem halben Jahr: Damals wurden sehr grossflaechig Operationen verschoben. Nach dem Lockdown halfen Privatspitaeler aus, den Rueckstau abzubauen. Diesmal uebernehmen die privaten Haeuser von Anfang an Patienten aus den Gemeindespitaelern. Dennoch kommt es bereits zu Verschiebungen",0.0,0.0,0.0,1.0,1051.0,True,"[0, 0, 0, 1]"
kurier,https://kurier.at/kultur/andris-nelsons-leitet-2020-erstmals-das-wiener-neujahrskonzert/400366193,"ns, christ, us, rna, usa, ss, sp",2019-01-01 00:00:00,,2024-10-24,"01.01.19, 13:32",,,Andris Nelsons leitet 2020 erstmals das Wiener Neujahrskonzert ,"Andris Nelsons, 1978 in Riga geboren, galt frueh als Shooting Star der Klassik-Szene. ","Der Dirigent des Neujahrskonzerts 2020 steht fest: Andris Nelsons folgt auf Christian Thielemann, der am Dienstag im Musikverein sein Debuet beim Neujahrskonzert gegeben hat. Andris Nelsons wird am 1. Jaenner 2020 zum ersten Mal das Neujahrskonzert leiten.  Der lettische Dirigent, der Musikdirektor des Boston Symphony sowie des Gewandhausorchesters Leipzig ist, ist den Philharmonikern seit 2010 eng verbunden. Es ist eine unglaubliche Ehre, eingeladen worden zu sein, wird der 40-Jaehrige in einer Aussendung zitiert. Uns verbinden viele Jahre wunderbaren Musizierens. Daher ist die Freude besonders gross, so Nelsons. Philharmoniker-Vorstand Daniel Froschauer betonte die hohe Musikalitaet und jugendliche Dynamik des bereits zweiten Neujahrs-Debuetanten in Folge - nach dem heurigen Einstand von Christian Thielemann. In diesem Jahr bringen die Philharmoniker mit Nelsons auch einen gemeinsamen Beethoven-Zyklus auf CD heraus und spielen ihn in Konzerten in Wien sowie international auf Tournee.",0.0,0.0,0.0,1.0,1000.0,True,"[0, 0, 0, 1]"
kurier,https://kurier.at/chronik/oesterreich/die-gletscher-verbluten-was-das-fuer-uns-menschen-heisst/402920374,"klimakrise, ns, us, ss, schi, klima, naturschutz, klimawandel, sp",2024-07-06 00:00:00,,2024-10-24,"06.07.24, 18:00",,,"Die Gletscher ""verbluten"": Was das fuer uns Menschen heisst","Die Gletschervermesser des Alpenvereins wissen: Was der Klimawandel mit den Gletschern macht, droht auch dem Menschen.","203 Meter: So weit hat sich die Pasterze am Grossglockner im letzten Jahr zurueckgezogen. Zusaetzlich hat der beruehmteste Gletscher Oesterreichs eine grosse Menge an Volumen verloren. Hohe Temperaturen lassen den Schnee, der den Gletscher schuetzt, schnell schmelzen. 15 Grad hat es an diesem Samstag im Juni am Dachstein, wo sich die rund 20 ehrenamtlichen Gletschermesser des Oesterreichischen Alpenvereins zum Erfahrungsaustausch treffen.",0.0,0.0,0.0,1.0,442.0,True,"[0, 0, 0, 1]"
kurier,https://kurier.at/chronik/oberoesterreich/gasbohrung-in-molln-greenpeace-zieht-vor-gericht/402703198,"politik, windkraft, ns, us, ss, schi, klima, naturschutz, weltklima, klimaschutz, grenzen, sp, regierung, fpoe, fridays for future",2023-12-11 00:00:00,,2024-10-24,"11.12.23, 07:59",,,Gasbohrung in Molln: Greenpeace zieht vor Gericht,Oberoesterreich genehmigte Gasbohrungen in Molln. Greenpeace will Beschwerde einlegen. Gelassenheit bei ADX Energy.,"Greenpeace zieht gegen die geplanten Gas-Probebohrungen in Molln im Nahbereich des Nationalpark Kalkalpen vor Gericht. Man werde diese Woche Beschwerde gegen die Bewilligung der Naturschutzbehoerde beim Landesverwaltungsgericht Oberoesterreich einreichen, kuendigte die NGO am Montag an. Gefordert wird zudem ein Gesetz, das ein Ende der Oel- und Gasproduktion bis 2035 in Oesterreich festschreibt. Die ADX Vie GmbH - eine Tochterfirma des in Australien gelisteten Explorationsunternehmens ADX Energy - will noch in diesem Winter mit Gas-Probebohrungen in Molln (Bezirk Kirchdorf) im Nahbereich des Nationalpark Kalkalpen starten. Die ersten Bagger rollten bereits am Dienstag an. âž¤ Mehr lesen: Gas-Probebohrungen in Molln: Erste Bagger angerollt",0.0,0.0,0.0,1.0,748.0,True,"[0, 0, 0, 1]"
kurier,https://kurier.at/chronik/oberoesterreich/makartviertel-linz-stadtteil-hitze-oberoesterreich-wetter/402929305,"politik, klimakrise, ns, christ, us, usa, ss, klima, klimawandel, sp",2024-07-26 00:00:00,,2024-10-24,"26.07.24, 13:00",,,Wie ein Stadtteil in Oesterreich unter der extremem Hitze leidet,"19 Tropennaechte machen das Makartviertel zu einem Hotspot in Linz. Ein Lokalaugenschein mit einem Professor und einer Studentin der FH OOe, die die sozialen Auswirkungen der Hitze analysiert.","Am leeren Parkplatz vor dem ehemaligen Leiner im Linzer Makartviertel brennt die Sonne auf Juergen Bonath und Melanie Mitterlehner. Die sengende Hitze dort macht den Klimawandel richtig spuerbar. Ganz anders die Situation im gegenueberliegenden Barbara Friedhof. Weit ueber 1.000 maechtige, alte Baeume schaffen ein Mikroklima, das selbst in der groessten Hitzewelle Abkuehlung bietet. Juergen Bonath ist gemeinsam mit Christina Pree Leiter dieser Forschungswerkstatt, Melanie Mitterlehner (36) eine der 17 Studierenden. Mitterlehner studiert nebenberuflich Soziale Arbeit, sie arbeitet derzeit bei pro mente Oberoesterreich im psychosozialen Bereich.",0.0,0.0,0.0,1.0,651.0,True,"[0, 0, 0, 1]"
kurier,https://kurier.at/chronik/niederoesterreich/kulturhauptstadt-europa-die-unterlegene-versucht-es-mit-plan-b/402702058,"politik, europa, ns, oevp, us, usa, ss, sp",2023-12-10 00:00:00,,2024-10-24,"10.12.23, 05:00",,,Kulturhauptstadt Europa: Die Unterlegene versucht es mit Plan B,St. Poelten ruft sich kommendes Jahr zur Landeskulturhauptstadt aus und investiert viele Millionen.,"Es war eigentlich schon alles angerichtet. Der Sekt stand bereits gut gekuehlt bereit, die Tabletts mit Broetchen ebenso, als ein Saal voll mit Menschen aus Politik, Kultur und Kunst von Cristina Farinha, der Juryvorsitzenden, nur ein Wort hoeren wollten: St. Poelten. Doch Farinha entpuppte sich an diesem Novembertag im Jahr 2019 als Partybremse. St. Poelten ging leer aus, geschlagen von einem Kurort oestlich von Salzburg. Niederoesterreichs OeVP-Landeshauptfrau Johanna Mikl-Leitner, die sich persoenlich fuer die Bewerbung St. Poeltens zur Kulturhauptstadt Europas stark gemacht hatte, stand die Enttaeuschung ins Gesicht geschrieben. Auch im Projektteam rund um Buergermeister Matthias Stadler herrschte Fassungslosigkeit. âž¤ Weiterlesen:  The Good and the Bad Ischl: Lokalaugenschein in der Kulturhauptstadt Doch noch in der Stunde der Niederlage steckten die beiden Politiker die Koepfe zusammen und gebaren den Begriff Landeskulturhauptstadt. Mit den Worten Ganz Europa wird noch auf uns schauen beendete Mikl-Leitner schliesslich den denkwuerdigen Abend, um tags darauf Plan B in Angriff zu nehmen.",0.0,0.0,0.0,1.0,1110.0,True,"[0, 0, 0, 1]"
kurier,https://kurier.at/chronik/niederoesterreich/sankt-poelten/paketzusteller-in-st-poelten-200-stopps-44000-schritte-pro-tag/401145426,"ns, linke, us, ss, schi, corona, sp, leiche",2021-01-04 00:00:00,,2024-10-24,"04.01.21, 05:00",,,"Paketzusteller in St. Poelten: 200 Stopps, 44.000 Schritte pro Tag",Karl Franz ist seit 20 Jahren bei der Post. Mit dem KURIER sprach er ueber die Veraenderungen des Jobs und die Herausforderungen.,"Der KURIER berichtet ab sofort verstaerkt aus der Landeshauptstadt St. Poelten. Wenn Sie ueber alle wichtigen Themen in der Stadt informiert bleiben wollen, dann koennen Sie sich hier oder am Ende des Artikels fuer den woechentlichen Newsletter ""Ganz St. Poelten"" anmelden. 44.000 Schritte. So viele legt Paketzusteller Karl Franz auf seiner Tour in der Gegend rund um den St. Poeltner Eisberg in der Weihnachtszeit taeglich zurueck. ""Ich brauche kein Fitnesscenter"", scherzt er. ""Durchschnittlich haben meine Packerl zwischen drei und fuenf Kilo Gewicht. Beim Einladen, Schlichten und Ausladen bewegt man da schon gut und gerne 2,5 Tonnen jeden Tag."" Vor allem die Vorweihnachtszeit in diesem Jahr war allein schon koerperlich eine Herausforderung fuer den Paket-Kolporteur. Bis zu 200 Stopps legt Franz dabei taeglich ein. ""Ein Stopp heisst einmal aus dem Bus aussteigen"", erklaert er. 200 Mal immer auf dem linken Fuss aussteigen, das hinterlasse Spuren. ""Durch die immer gleiche Bewegung tun einem abends schon Achillessehne und Knie weh.""",0.0,0.0,0.0,1.0,1043.0,True,"[0, 0, 0, 1]"
kurier,https://kurier.at/chronik/wien/nach-drogentod-von-14-jaehriger-mann-vor-wiener-gericht/402966579,"ns, us, rna, ss, schi",2024-10-23 00:00:00,,2024-10-24,"23.10.24, 21:51",,,Nach Drogentod von 14-Jaehriger: Mann vor Wiener Gericht,Der 26-Jaehrige soll einer Minderjaehrigen Suchtgift ueberlassen haben.,"Am Wiener Straflandesgericht muss sich am Donnerstag ein Mann wegen des Verstosses gegen das Suchtmittelgesetz verantworten, weil er mit einer 14-Jaehrigen Drogen konsumiert haben soll. Der 26-Jaehrige hatte im Maerz die Jugendliche bei sich in der Wohnung in Simmering aufgenommen. Am naechsten Tag fand er das Maedchen leblos vor und alarmierte die Rettung. Der 14-Jaehrigen konnte nicht mehr geholfen werden. In der Verhandlung geht es um das Ãœberlassen von Drogen an Minderjaehrige.",0.0,0.0,0.0,1.0,487.0,True,"[0, 0, 0, 1]"
kurier,https://kurier.at/chronik/oesterreich/rekordverlust-pasterze-gletscherrueckgang-203-meter-laenge/402845083,"politik, ns, us, ss, schi, klima, klimapolitik, sp",2024-04-05 00:00:00,,2024-10-24,"05.04.24, 11:53",,,Rekordschmelze auf der Pasterze: Gletscher verliert 203 Meter Laenge,In den Bergen schlaegt der Klimawandel zu: Zweites Jahr in Folge mit massiven Verlusten auf Oesterreichs Gletschern. ,"""Es ist diese Mischung aus Gefuehl und Geruch, wenn man zu einem Gletscher hinkommt"", leuchten die Augen von Nicole Slupetzky. Die Vizepraesidentin des Alpenvereins ist schon als Kind mit ihrem Vater bei Gletschermessungen dabei gewesen. ""Es beginnt ein leichter Wind, der Geruch ist klar, erfrischend und erdend, es zeigt, wie klein der Mensch ist und wie gross seine Aufgabe, die Natur zu schuetzen"", erklaert sie weiter. Dieses Gefuehl und dieser Geruch werden sich spaetestens in vierzig, fuenfzig Jahren in Oesterreich nicht mehr erleben lassen.",0.0,0.0,0.0,1.0,550.0,True,"[0, 0, 0, 1]"
kurier,https://kurier.at/chronik/oesterreich/alpenverein-slupetzky-steinmanderl-sind-falsch-in-den-bergen/402921454,"rki, ns, us, ss, sp",2024-07-06 00:00:00,,2024-10-24,"06.07.24, 18:00",,,"Was an den ""Steinmanderln"" in den Bergen falsch ist","Die Vizepraesidentin des Oesterreichischen Alpenvereins, Nicole Slupetzky, erklaert, warum sie Steinmaenner umschmeisst.","Seit sie drei Monate alt ist, geht Nicole Slupetzky mit  ihrem Vater Heinz in die Berge. Er war Gletschermesser, sie hat dabei die Liebe zur Natur und den Bergen in die Wiege gelegt bekommen. Wenn sie in den Bergen ist, fallen ihr die vielen Steinmaenner auf, die Wanderer und Touristen entlang der Wanderwege Stein fuer Stein aufschlichten.",0.0,0.0,0.0,1.0,341.0,True,"[0, 0, 0, 1]"
kurier,https://kurier.at/chronik/oberoesterreich/unterirdisch-lagerndes-erdgas-gehoert-der-republik-molln-nationalpark/402293852,"ns, us, usa, ss, schi, naturschutz, sp",2023-01-16 00:00:00,,2024-10-24,"16.01.23, 17:16",,,Unterirdisch lagerndes Erdgas gehoert der Republik,Aber sie darf Rechte abtreten. Linzer Umweltrechtlerin Wagner: Parteistellung oft erst durch Sachverstaendigen zu klaeren.,"Nachdem bekannt wurde, dass im oberoesterreichischen Molln (Bezirk Kirchdorf im Traunviertel) eventuell 22 Milliarden Kubikmeter Gas in der Erde lagern, ist die Aufregung gross. Denn wen gehoert dieses Gas? Und wer darf Bohrungen bewilligen? Erika Wagner, Vorstaendin des Instituts fuer Umweltrecht an der Linzer Johannes Kepler Universitaet klaert im APA-Gespraech auf. Entgegen gaengiger Annahmen wuerden unterirdisch lagernde Rohstoffe etwa nicht zwingend dem jeweiligen Grundeigentuemer gehoeren. Erdgas ist in Oesterreich ein sogenannter bundeseigener mineralischer Rohstoff, gehoert also der Republik. Nur der Bund ist berechtigt Erdgas zu suchen und zu foerdern. Er kann diese Rechte aber gegen Entgelt an Dritte abtreten, so Wagner.",0.0,0.0,0.0,1.0,740.0,True,"[0, 0, 0, 1]"
kurier,https://kurier.at/chronik/niederoesterreich/in-der-spoe-brodelt-es-kandidatensuche-fuer-noe-wahl-hinterlaesst-narben/402261651,"ns, oevp, us, usa, neos, ss, schi, regierung, grenzen, sp, fpoe, herbert kickl",2022-12-16 00:00:00,,2024-10-24,"16.12.22, 12:40",,,In der SPOe brodelt es: Kandidatensuche fuer NOe-Wahl hinterlaesst Narben,"St. Poeltens Buergermeister Matthias Stadler soll verstimmt sein, auch AK-Praesident Markus Wieser verliess wichtige Sitzung vorzeitig.","Wenn es um die Kandidatenlisten fuer die Landtagswahl am 29. Jaenner geht, dann koennen sich Helga Krismer von den Gruenen und Indra Collini von den Neos entspannt zuruecklehnen. In diesen beiden Oppositionsparteien gab es praktisch keine Differenzen, als die Reihung der Kandidatinnen und Kandidaten festgelegt worden ist. Die drei Regierungsparteien hatten es da schon schwieriger. Und sie werden bis zum Intensivwahlkampf im Jaenner wohl noch einige Wunden versorgen muessen. Besonderen Gespraechsbedarf hat ganz sicherlich Landesparteichef Franz Schnabl (SPOe). Er hat zu Beginn dieser Woche die Landesliste fuer die Wahl absegnen lassen. Hinter ihm finden sich noch Landesraetin Ulrike Koenigsberger-Ludwig und Landesgeschaeftsfuehrer Wolfgang Kocevar auf den vorderen Plaetzen. Womit auch klar ist, dass Kocevar Reinhard Hundsmueller als Klubobmann nachfolgen wird. Die Plaetze dahinter sorgten dann nicht bei allen fuer Applaus. St. Poeltens Buergermeister Matthias Stadler soll die Sitzung etwas frueh ohne viele Worte verlassen haben. Der Grund: Mit der Landespartei sei vereinbart gewesen, dass Eva Prischl weiter vorne platziert wird, dafuer die aktuelle Landtagsabgeordnete Kathrin Schindele auf einen der hinteren Plaetze. Am 29. Jaenner wird ein neue Landtag gewaehlt Die Ãœberlegung: Kathrin Schindele erhaelt ohnehin ueber den Wahlkreis St. Poelten ein Grundmandat. Eva Prischl koennte somit zusaetzlich fuer die Region einziehen. Dass in diesem Zusammenhang angedeutet wurde, dass ja auch Franz Schnabl und Rene Pfister wegen ihres Wohnsitzes in der Stadt und im Bezirk St. Poelten als Kandidaten der Region gerechnet werden koennen, trug wenig zur Beruhigung bei. Schlimmer hat es ohnehin das Waldviertel getroffen. Amelie Muthsam aus Krems ist erst auf dem Platz 14 zu finden. Angesichts einiger Grundmandate in den Wahlkreisen wird es deshalb fuer sie sehr schwer, fuer das Waldviertel in den Landtag in St. Poelten einzuziehen.",0.0,0.0,0.0,1.0,1948.0,True,"[0, 0, 0, 1]"
kurier,https://kurier.at/chronik/oesterreich/skandal-um-beatmungsgeraete-von-philips-124-todesfaelle-gemeldet/402066700,"europa, ns, us, usa, ss, schi, corona, sp",2022-07-07 00:00:00,,2024-10-24,"07.07.22, 19:00",,,Skandal um Beatmungsgeraete von Philips: 124 Todesfaelle gemeldet,"Der Konzern verkaufte Beatmungsgeraete, die Krebs und andere Krankheiten ausloesen sollen. Nun gibt es auch die erste Anzeige eines Wieners bei der WKStA.","Die Opfer sind Patienten, die es ohnehin schon massiv erwischt hat. Wegen schweren Coronaverlaeufen, toedlichen Muskelerkrankungen oder anderen schweren Leiden muessen sie kuenstlich beatmet werden. Angewiesen sind sie dann auf Heimbeatmungsgeraete. Mit diesen koennen sie das Spital verlassen und zu Hause versorgt werden. Doch ausgerechnet diese Geraete koennten toedlich gewesen sein. Die US-Behoerde FDA ermittelt deshalb gegen Philips beziehungsweise deren Tochter Respironics. Und bald koennte auch die Wirtschafts- und Korruptionsstaatsanwaltschaft (WKStA) in Wien ermitteln. Ein Wiener soll schwere Lungenschaeden erlitten haben und brachte mithilfe des Vereins zum Schutze von Verbraucherinteressen (VSV) eine Sachverhaltsdarstellung ein, in der besondere Ermittlungsmassnahmen gegen Philips Oesterreich (mit Sitz in Wien-Meidling) gefordert werden.",0.0,0.0,0.0,1.0,858.0,True,"[0, 0, 0, 1]"
kurier,https://kurier.at/chronik/niederoesterreich/sankt-poelten/erster-lockdown-tat-st-poeltner-luftqualitaet-gut/401143530,"ns, oevp, lockdown, us, ss, corona, sp",2021-01-01 00:00:00,,2024-10-24,"01.01.21, 05:00",,,Erster Lockdown tat St. Poeltner Luftqualitaet gut,Im Fruehjahr gingen die Stickstoffdioxid-Werte in der Landeshauptstadt um 22 Prozent zurueck.,"Der KURIER berichtet ab sofort verstaerkt aus der Landeshauptstadt St. Poelten. Wenn Sie ueber alle wichtigen Themen in der Stadt informiert bleiben wollen, dann koennen Sie sich hier oder am Ende des Artikels fuer den woechentlichen Newsletter ""Ganz St. Poelten"" anmelden. Der Corona-bedingte Lockdown im diesjaehrigen Fruehjahr hat die Luft in St. Poelten sauberer gemacht. Wie Landeshauptfraustellvertreter Stephan Pernkopf (OeVP) am Dienstag mitteilte, sank der Stickstoffdioxid-Mittelwert in den Kalenderwochen zehn bis 17, also von 2. Maerz bis 26. April, im Vergleich zum Vorjahreszeitraum um 22 Prozent. In Sachen Feinstaub brachten die Ausgangsbeschraenkungen keine Reduktion, dennoch wurde die diesbezuegliche Belastung in Niederoesterreich seit 2005 beinahe halbiert.",0.0,0.0,0.0,1.0,778.0,True,"[0, 0, 0, 1]"
kurier,https://kurier.at/chronik/wien/nach-unwetter-in-der-ostregion-welche-oeffis-ab-wann-wieder-fahren/402966796,"ns, us, ss, schi, sp",2024-10-24 00:00:00,,2024-10-24,"24.10.24, 11:35",,,Nach Unwetter in der Ostregion: Welche Oeffis ab wann wieder fahren,Spaetestens mit dem Fahrplanwechsel am 15. Dezember wird das vollstaendige Angebot wieder verfuegbar sein. Vieles wird aber schon vorher wieder angeboten. Vierwoechige Sperre der Weststrecke Mitte 2025 geplant.,"Das Hochwasser Mitte September hat auch die OeBB hart getroffen. Neben der Weststrecke, die - wie der KUIRER bereits breichtete - erst Mitte Dezember wieder uneingeschraenkt zur Verfuegung stehen wird, war auch der Nahverkehr in der Ostregion betroffen.",0.0,0.0,0.0,1.0,253.0,True,"[0, 0, 0, 1]"
kurier,https://kurier.at/chronik/niederoesterreich/versorgungsluecken-am-land-vertretungsaerzte-springen-in-noe-ein/402260979,"ns, oevp, us, pandemie, ss, sp, fpoe",2022-12-15 00:00:00,,2024-10-24,"15.12.22, 18:37",,,Versorgungsluecken am Land: Vertretungsaerzte springen in NOe ein,Durch Pilotprojekt sollen offene Kassenstellen am Land ab 2023 flexibel besetzt werden.,"Als im Jaenner 2018 fuenf der damals 700 Kassenstellen im niedergelassenen Bereich unbesetzt waren, schlug das Land Niederoesterreich Alarm. Landeshauptfrau Johanna Mikl-Leitner (OeVP) kuendigte daraufhin an, die leer stehenden Landpraxen mit Aerzten der Landeskliniken besetzten zu wollen. Fruechte getragen hat dieses Projekt bis heute aber nur in Einzelfaellen, da die Pandemie dazwischen gekommen sei, so Mikl-Leitner am Donnerstag. Die Situation hat sich seither noch weiter zugespitzt: Aktuell sind in Niederoesterreich von 734 Kassenstellen im niedergelassenen Bereich (ohne Zweitpraxen) 29 nicht besetzt. Deshalb kuendigte die Landeshauptfrau am Donnerstag nun  aehnlich wie 2018 kurz vor der Landtagswahl im Jaenner  ein besseres System, um offene Kassenstellen auf unkomplizierte Art und Weise zu besetzen an.",0.0,0.0,0.0,1.0,819.0,True,"[0, 0, 0, 1]"
kurier,https://kurier.at/chronik/niederoesterreich/aerger-ueber-neue-regelungen-feintuning-im-hundehalte-gesetz/400668020,"spo, ns, oevp, us, usa, ss, schi, regierung, sp, fpoe",2019-11-07 00:00:00,,2024-10-24,"07.11.19, 05:30",,,Aerger ueber neue Regelungen: Feintuning im Hundehalte-Gesetz,"Die OeVP will jetzt die Leinen- und Maulkorbpflicht in Gasthaeusern entschaerfen, FPOe ist dagegen.","Das neue noe. Hundehalte-Gesetz, das per Jahresbeginn in Kraft treten soll, regt auf. Waehrend sich Bissopfer ueber mehr Schutz freuen, machen Besitzer von Vierbeinern gegen die strengeren Regelungen mobil. Aus den Gemeinden hoert man, dass sich viele Buerger einen Stempel fuer ihre Beschwerde holen. Mindestens 25.000 Einsprueche sind bis zum 5. Dezember notwendig, damit das Land eine Volksbefragung veranlassen muss. Nach dem Bericht im KURIER hat die OeVP angekuendigt, die neue Leinen- und Maulkorbpflicht in Gasthaeusern oder Baedern praezisieren bzw. entschaerfen zu wollen. Was wird sich durch die neuerliche Anpassung im noe. Hundehalte-Gesetz aendern? Die OeVP will den Begriff groessere Menschenansammlungen im Gesetz genauer definiert wissen, weil es laut Auskunft von Klubobmann Klaus Schneeberger zu Unklarheiten gekommen ist. Deshalb soll in der naechsten Landtagssitzung (21. November) eine authentische Interpretation zum Gesetz beschlossen werden. Darin wird festgehalten, dass unter groesseren Menschenansammlungen zumindest 150 Personen zu verstehen sind. Gasthaeuser oder Baeder, in denen sich weniger als 150 Personen aufhalten, sind von der Leinen- und Maulkorbpflicht nicht umfasst. Das bedeutet, Hunde muessen darin entweder angeleint sein oder einen Maulkorb tragen. Tierschutzlandesrat Gottfried Waldhaeusl (FPOe) hat damit keine Freude, weil fuer ihn der Schutz der Kinder ueber dem der Hundehalter steht. Was ist im Gesetz neu geregelt? Hunde, die staendig am Arm oder in einem Behaeltnis getragen werden, sind von der Maulkorb- und Leinenpflicht ausgenommen. Die Gemeinde kann durch eine Verordnung eine Hundesicherungszone bestimmen. Bei Umzug eines mit einem Verbot auferlegten Hundehalters muss die neue Wohnsitz-Gemeinde verstaendigt werden. Ansonsten gilt wie bisher, dass Hunde an oeffentlichen Plaetzen im Ortsbereich entweder mit Maulkorb oder Leine gefuehrt werden muessen. In oeffentlichen Verkehrsmitteln, Schulen, Kindergaerten, Horte oder Einkaufszentren gilt Maulkorb- und Leinenpflicht, fuer so genannte Listenhunde gilt das ueberall (siehe Zusatzbericht unten).",0.0,0.0,0.0,1.0,2108.0,True,"[0, 0, 0, 1]"
kurier,https://kurier.at/chronik/niederoesterreich/pulker-15-prozent-der-gastronomen-sperren-nicht-wieder-auf/400832957,"ns, us, ss, schi, regierung, grenzen, corona, sp, leiche",2020-05-06 00:00:00,,2024-10-24,"06.05.20, 05:00",,,"WKOe-Pulker: ""15 Prozent der Gastronomen sperren nicht wieder auf""",Lokalbetreiber prangert fehlende Hilfe fuer sein Kaffeehaus an. WKNOe fordert Eigenverantwortung,"Die Corona-Krise fordert immer oefter auch wirtschaftliche Opfer. Zuletzt gleich zwei traditionelle Kaffeehaeuser im Bezirk Hollabrunn. Betroffen ist zum Beispiel die Konditorei Naderer in der Hollabrunner Bahnstrasse. Konditormeister Stefan Naderer muss nach zwei Monaten Zwangspause das Handtuch werfen. Wir haben 1.000 Euro als Soforthilfe bekommen, aber sonst gibt es nichts. Ich habe Ausgaben von 12.000 Euro monatlich, wie soll sich das ausgehen, fragt er sich. Er hat sein Gewerbe bereits zurueckgelegt. Die Cafe-Konditorei Naderer bleibt geschlossen. Naderer aergert sich, wie viele andere Unternehmer, besonders ueber eine Aenderung im Epidemiegesetz. Im alten Gesetz haette die Regierung die Verluste ausgleichen muessen. Zwei Tage nach dem Shutdown wird das geaendert und viele Unternehmen bekommen nichts. Fuer den Konditormeister haette es das 13. Geschaeftsjahr werden sollen.",0.0,0.0,0.0,1.0,890.0,True,"[0, 0, 0, 1]"
kurier,https://kurier.at/politik/ausland/putins-krieg-in-der-ukraine-den-bomben-folgen-exekutionen/401937433,"krieg, politik, spo, ns, us, rna, usa, ss, schi, sp, ukraine",2022-03-15 00:00:00,,2024-10-24,"15.03.22, 07:47",,,Putins Krieg in der Ukraine: Den Bomben folgen Exekutionen,"Putins Umfeld gibt erstmals offen zu, dass der Krieg nicht wie gewuenscht laeuft. Die russische Gangart wird darum brutaler: Ukrainische Buergermeister werden verschleppt, Zivilisten erschossen.","Zwei Kreuze stehen hinter dem Wohnhaus in Irpin, einem Vorort von Kiew. Die Namen Marina und Iwan stehen darauf, und ihre Geburtsdaten: 1980 und 2009. Mutter und Sohn, auf der Flucht erschossen von einem russischen Panzer. Zwei zivile Opfer von vielen, wie Olena Haluschka schreibt, eine ukrainische Aktivistin, die vor Kurzem nach Polen geflohen ist. Sie und viele andere sammeln Geschichten von grausamen Attacken der Angreifer",0.0,0.0,0.0,1.0,429.0,True,"[0, 0, 0, 1]"
kurier,https://kurier.at/chronik/oesterreich/james-webb-teleskop-nasa-neue-bilder-so-schoen-ist-unser-universum/402112296,"ns, us, ss, schi, sp",2022-08-16 00:00:00,,2024-10-24,"16.08.22, 15:25",,,Neue Bilder vom James Webb Teleskop: So schoen ist unser Universum ,Beinahe taeglich werden neue Bilder des James Webb Teleskops veroeffentlicht. Auch zahlreiche Rekorde purzeln. ,"Das zehn Milliarden Euro teure James Webb Teleskop schreibt bereits in den ersten Wochen seit Inbetriebnahme eine Erfolgsgeschichte nach der anderen. Zahlreiche Galaxien aus der Zeit unmittelbar nach dem Urknall vor rund 13,8 Milliarden Jahren wurden abgelichtet. Viele der Bilder zeigen die unheimliche Groesse und Schoenheit des Alls. Ein Ãœberblick ueber die besten Bilder, die bisher veroeffentlicht wurden: Die Cartwheel-Galaxie war einst vermutlich eine normale Spiral-Galaxie wie unsere Milchstrasse, bevor sie mit einer anderen kollidiert ist. An den schwach leuchtenden Speichen zwischen dem aeusseren Ring und dem Kern kann man erkennen, dass sich die Spiralstruktur wieder bildet. Der Ring wird von mindestens einigen Milliarden neuen Sternen bevoelkert, die unter normalen Umstaenden niemals in solch einer kurzen Zeit entstanden waeren. Die raeumlichen Ausmasse sind so gross (150.000 Lichtjahre im Durchmesser), dass laut Uni Muenchen die gesamte Milchstrasse hineinpasst.",0.0,0.0,0.0,1.0,986.0,True,"[0, 0, 0, 1]"
kurier,https://kurier.at/chronik/oesterreich/geruechte-um-spritzen-attacken-bei-konzerten-und-in-diskotheken-was-steckt-dahinter/402065233,"ns, frankreich, us, ss, schi, sp",2022-07-06 00:00:00,,2024-10-24,"06.07.22, 19:01",,,Geruechte um Spritzen-Attacken bei Konzerten: Was steckt dahinter?,Berichte ueber Tausende Nadel-Angriffe quer durch Europa. Eine Spurensuche. ,"In sozialen Medien gehen die Wogen hoch. Die Washington Post oder der Guardian berichten ueber das Phaenomen, das bei einem Rapkonzert in Texas sogar zehn Tote gefordert haben soll. In Frankreich wurde eine Sonderermittlungsgruppe eingesetzt. Opfer meldeten sich auch aus Belgien und Deutschland. Vor allem in Diskotheken und Konzerten, aber auch in Stadien wollen sie Attacken mit Spritzen und K.o.-Tropfen erlebt haben. In Oesterreich gab es zwar schon Medienberichte, aber laut Bundeskriminalamt (noch) keinen einzigen angezeigten Fall. Dass tatsaechlich Hunderte perverse Spritzenstecher unterwegs sind, wie ein Boulevardblatt vermutet, daran meldete zuletzt nicht nur der deutsche Spiegel erhebliche Zweifel an. Im vergangenen Jahr gab es in Grossbritannien 2.100 Anzeigen, heuer waren es bereits 1.300. Daraus folgten acht Anklagen, aber bisher kein Schuldspruch.",0.0,0.0,0.0,1.0,869.0,True,"[0, 0, 0, 1]"
kurier,https://kurier.at/chronik/oesterreich/hoechstrichter-beraten-wird-cannabis-bald-legal/402060916,"politik, spo, europa, amerika, ns, us, rna, usa, ss, schi, afrika, sp, europaeische union",2022-07-02 00:00:00,,2024-10-24,"02.07.22, 14:51",,,Hoechstrichter beraten: Wird Cannabis bald legal?,"Diese Woche berieten die Hoechstrichter, ob Kiffen dem Alkoholtrinken gleichzusetzen ist. Eine Freigabe waere nur schwer umsetzbar, wie ein Vergleich zeigt.","Hat der Oesterreicher das Recht auf einen Cannabisrausch, weil Hanf weniger gesundheitsschaedlich ist als Nikotin oder Alkohol? Ãœber diese Frage beriet in den vergangenen Tagen der Verfassungsgerichtshof - naehere Infos auch siehe Infokasten unten. Die Veroeffentlichung der Entscheidung steht unmittelbar bevor. Eingebracht wurde der Antrag von dem Moedlinger Paul Burger, einem bekennenden Kiffer. Eine Umsetzung waere rechtlich allerdings nur schwer moeglich, denn Oesterreich ist durch zahlreiche internationale Vertraege verpflichtet, Cannabis zu bekaempfen: Diese bestehen vielfach seit den 1930er-Jahren, als die USA nach dem verlorenen Kampf gegen den Alkohol (die Zeit der Prohibition, Anm.) Marihuana und Haschisch ins Visier nahmen. Die UNO-Konvention ueber psychotrope Substanzen besagt, dass Cannabis bekaempft werden muss. Deshalb ist dies auch geltendes EU-Recht. Der Moedlinger Paul Burger setzt sich oeffentlich fuer legales Kiffen ein: Es ist die",0.0,0.0,0.0,1.0,965.0,True,"[0, 0, 0, 1]"
kurier,https://kurier.at/chronik/niederoesterreich/sankt-poelten/waerme-fuer-die-stadt-millioneninvestition-in-fernheizkraftwerk/401142297,"spo, ns, us, ss, schi, sp",2020-12-29 00:00:00,,2024-10-24,"29.12.20, 17:00",,,Waerme fuer die Stadt: Millioneninvestition in Fernheizkraftwerk,"50 Jahre alte Heizkessel werden im St. Poeltener Kraftwerk Nord durch energieeffizientere Modelle ausgetauscht. 8,3 Millionen Euro werden investiert.","Der KURIER berichtet ab sofort verstaerkt aus der Landeshauptstadt St. Poelten. Wenn Sie ueber alle wichtigen Themen in der Stadt informiert bleiben wollen, dann koennen Sie sich hier oder am Ende des Artikels fuer den woechentlichen Newsletter ""Ganz St. Poelten"" anmelden. Zwei Drittel des Bedarfs an Fernwaerme wird der Landeshauptstadt aus dem Muellverbrennungskraftwerk Duernrohr geliefert. In eine der eigenen Waermeproduktionsstaetten investiert die Stadt St. Poelten nun kraeftig. Das Fernheizkraftwerk Nord der St. Poeltner Fernwaerme bekommt zwei neue Sattdampfkessel und einen Heisswasserkessel. Die neue Technik ermoeglicht es, in Summe rund 60.000 Kilowatt Heizleistung zu erreichen, berichtet die Stadt in einer Aussendung. Diese Kessel ersetzen die in die Jahre gekommenen Hochdruck-Dampfkessel, die zum Teil schon fast 50 Jahre gute Dienste leisten. Die Kosten fuer den Naubau belaufen sich auf 8,3 Millionen Euro.",0.0,0.0,0.0,1.0,929.0,True,"[0, 0, 0, 1]"
kurier,https://kurier.at/wirtschaft/karriere/comic-wissenschaft-forscherin-wu-fuersorgearbeit-carearbeit/402964230,"ns, us, usa, ss, familie, sp",2024-10-19 00:00:00,,2024-10-24,"19.10.24, 05:00",,,Forscherinnen decken auf: Die unsichtbare Carearbeit in der Wissenschaft,"Karriere und Kind, Karriere und kranke Angehoerige  zwei Forscherinnen ruecken die Fuersorgearbeit ins Rampenlicht   und praesentieren dazu ein Comicbuch.","Bilder sagen mehr als Zahlen. Das wissen die  Forscherinnen Marie-Pierre Moreau und Sally Pirie. Sie wissen auch, dass Comics zugaenglicher sind. Sozusagen eine Sprache, die jeder versteht, meint Pirie. Also widmen sie ihrer Forschung ein ganzes Mini-Comicbuch. Um die Fakten kuemmerte sich Moreau, um die Kunst Pirie. Das Thema: Betreuung und Carearbeit in der akademischen Welt. Basierend auf Interviews und jeder Menge Daten ueber Studierende und Hochschulmitarbeiter, ist also Kunst entstanden. Und sie geht um die Welt: Cambridge, London, Cork, Hongkong und nun auch Wien. Konkret an der WU Wien, wo das Comic vergangenen Mittwoch von den Forscherinnen in einer Ausstellung praesentiert wurde. Durch unsere  Ausstellung haben wir gemerkt, dass Betreuung und die Herausforderungen, die damit einhergehen, ein universelles Thema sind, erzaehlt Sally Pirie. Unabhaengig vom Ort konnten Besucher sich mit den Bildern identifizieren. Das Comic verbildlicht auch die emotionale Seite der Carearbeit, so Pirie. Ein Bild sagt alles, weckt Neugierde und zieht Aufmerksamkeit auf sich, stimmt Marie-Pierre Moreau zu. Das perfekte Werkzeug fuer ein Thema, das Aufmerksamkeit dringend noetig hat.",0.0,0.0,0.0,1.0,1189.0,True,"[0, 0, 0, 1]"
kurier,https://kurier.at/politik/inland/eu-wahl-eu-wahlen-oesterreich-ergebnis-23-uhr/402911279,"europa, ns, us, ss, schi, sp",2024-06-10 00:00:00,,2024-10-24,"10.06.24, 16:01",,,EU-Wahl: Warum Oesterreich bis 23 Uhr aufs Ergebnis warten musste,"Die Bundeswahlbehoerde ging auf Nummer sicher und sieht keinen Spielraum, dass es das naechste Mal schneller geht.","Wer am Sonntag wissen wollte, wen die Oesterreicher ins EU-Parlament gewaehlt haben, musste sich in Geduld ueben: Obwohl das letzte Wahllokal in Oesterreich bereits um 17 Uhr geschlossen hatte, gab es vor 23 Uhr keine belastbaren Ergebnisse, sondern ausschliesslich die sogenannte Trendprognose - sie ist nichts anderes als eine Wahlumfrage. Warum mussten Medien und Waehler so lange auf echte Zahlen und Daten warten? Im Innenministerium verweist man darauf, dass die letzten Wahllokale auf dem Kontinent um 23 Uhr geschlossen haben (z. B. Italien), und dass man sich an europaeisches Recht halte. Auf Anfrage des KURIER erwaehnt die Wahlbehoerde im Innenministerium den ""Direktwahlakt der EU zur Europawahl"". Dieser besage in Artikel 10: Ein Mitgliedstaat darf das ihn betreffende Wahlergebnis erst dann amtlich bekannt geben, wenn die Wahl (...) abgeschlossen ist. Fuer das Innenministerium zaehlt dazu auch, keine Daten fuer Hochrechnungen an Dritte weiterzugeben.",0.0,0.0,0.0,1.0,968.0,True,"[0, 0, 0, 1]"
kurier,https://kurier.at/politik/inland/aerztekammer-beklagt-ausfaelle-beim-e-card-system/402241224,"spo, ns, us, usa, ss, sp",2022-11-29 00:00:00,,2024-10-24,"29.11.22, 12:01",,,Aerztekammer beklagt Ausfaelle beim E-Card-System,"In Niederoesterreich, Steiermark und Salzburg - Dachverband: Im November an insgesamt vier Tagen ""mitunter etwas laengere Response-Zeiten"".","Die Aerztekammer hat am Mittwoch Systemausfaelle beim E-Card-System beklagt. Nach einem ORF-Bericht vom Dienstag, wonach es in Niederoesterreich zu Ausfaellen gekommen sei, erklaerte die Aerztekammer nun, die Probleme wuerden nicht nur Niederoesterreich, sondern etwa auch die Steiermark und Salzburg betreffen. Seitens des Dachverbands der Sozialversicherungstraeger hiess es zur Apa, im November sei es an insgesamt vier Tagen ""mitunter zu etwas laengeren Response-Zeiten"" gekommen.",0.0,0.0,0.0,1.0,484.0,True,"[0, 0, 0, 1]"
kurier,https://kurier.at/chronik/niederoesterreich/sankt-poelten/riesen-anklage-nach-bordell-betrug-in-st-poelten/401129187,"ns, us, rna, ss, schi, sp, leiche",2020-12-15 00:00:00,,2024-10-24,"15.12.20, 05:00",,,Riesen-Anklage nach Bordell-Betrug in St. Poelten,Angestellte betaeubten Kunden mit Absinth und fertigten kompromittierende Fotos an.,"Der KURIER berichtet ab sofort verstaerkt aus der Landeshauptstadt St. Poelten. Wenn Sie ueber alle wichtigen Themen in der Stadt informiert bleiben wollen, dann koennen Sie sich hier oder am Ende des Artikels fuer den woechentlichen Newsletter ""Ganz St. Poelten"" anmelden. Stets gut gefuehrtes und komplett neu renoviertes Bordell in der Landeshauptstadt St. Poelten guenstig abzugeben  unter diesem Eintrag auf einer Immobilien-Seite im Internet wird derzeit ein ehemaliges Rotlicht-Lokal im Sueden der Stadt zur Miete (3.500 Euro, Abloese 160.000 Euro) angeboten.",0.0,0.0,0.0,1.0,566.0,True,"[0, 0, 0, 1]"
